firstName ,  lastName ,  username ,  email ,  password ,  
Rodgers ,  Cantu ,  RodgersCantu ,  RodgersCantu@email.com ,  password ,
Hailey ,  Marley ,  HaileyMarley ,  HaileyMarley@email.com ,  password ,
Nathaly ,  Clark ,  NathalyClark ,  NathalyClark@email.com ,  password ,
Gillespie ,  Mila ,  GillespieMila ,  GillespieMila@email.com ,  password ,
Randall ,  Glover ,  RandallGlover ,  RandallGlover@email.com ,  password ,
Bridges ,  Kyan ,  BridgesKyan ,  BridgesKyan@email.com ,  password ,
Angel ,  Iris ,  AngelIris ,  AngelIris@email.com ,  password ,
Vega ,  Roselyn ,  VegaRoselyn ,  VegaRoselyn@email.com ,  password ,
Chaney ,  Cervantes ,  ChaneyCervantes ,  ChaneyCervantes@email.com ,  password ,
Jovanni ,  Bush ,  JovanniBush ,  JovanniBush@email.com ,  password ,
Denisse ,  Londyn ,  DenisseLondyn ,  DenisseLondyn@email.com ,  password ,
Lamont ,  Judah ,  LamontJudah ,  LamontJudah@email.com ,  password ,
French ,  Brendon ,  FrenchBrendon ,  FrenchBrendon@email.com ,  password ,
Heidi ,  Xander ,  HeidiXander ,  HeidiXander@email.com ,  password ,
Carter ,  Bush ,  CarterBush ,  CarterBush@email.com ,  password ,
George ,  Brian ,  GeorgeBrian ,  GeorgeBrian@email.com ,  password ,
Liam ,  Bryan ,  LiamBryan ,  LiamBryan@email.com ,  password ,
Cora ,  Henderson ,  CoraHenderson ,  CoraHenderson@email.com ,  password ,
Vicente ,  Kyan ,  VicenteKyan ,  VicenteKyan@email.com ,  password ,
Herrera ,  Cecelia ,  HerreraCecelia ,  HerreraCecelia@email.com ,  password ,
Lizbeth ,  Cora ,  LizbethCora ,  LizbethCora@email.com ,  password ,
Deshawn ,  Cantu ,  DeshawnCantu ,  DeshawnCantu@email.com ,  password ,
Angel ,  Dyer ,  AngelDyer ,  AngelDyer@email.com ,  password ,
Booth ,  Darnell ,  BoothDarnell ,  BoothDarnell@email.com ,  password ,
Green ,  Shirley ,  GreenShirley ,  GreenShirley@email.com ,  password ,
Anthony ,  Kassandra ,  AnthonyKassandra ,  AnthonyKassandra@email.com ,  password ,
Key ,  Julius ,  KeyJulius ,  KeyJulius@email.com ,  password ,
Middleton ,  Haley ,  MiddletonHaley ,  MiddletonHaley@email.com ,  password ,
Patel ,  Weber ,  PatelWeber ,  PatelWeber@email.com ,  password ,
Blackburn ,  Hoffman ,  BlackburnHoffman ,  BlackburnHoffman@email.com ,  password ,
Avery ,  Acevedo ,  AveryAcevedo ,  AveryAcevedo@email.com ,  password ,
Anthony ,  Dyer ,  AnthonyDyer ,  AnthonyDyer@email.com ,  password ,
Keith ,  Clay ,  KeithClay ,  KeithClay@email.com ,  password ,
Lamont ,  Leroy ,  LamontLeroy ,  LamontLeroy@email.com ,  password ,
Kali ,  Ortiz ,  KaliOrtiz ,  KaliOrtiz@email.com ,  password ,
Doyle ,  Ethan ,  DoyleEthan ,  DoyleEthan@email.com ,  password ,
Ryann ,  James ,  RyannJames ,  RyannJames@email.com ,  password ,
Tommy ,  Rylee ,  TommyRylee ,  TommyRylee@email.com ,  password ,
Travis ,  Huerta ,  TravisHuerta ,  TravisHuerta@email.com ,  password ,
Cline ,  Brendon ,  ClineBrendon ,  ClineBrendon@email.com ,  password ,
Rolando ,  Irene ,  RolandoIrene ,  RolandoIrene@email.com ,  password ,
Elliana ,  Julius ,  EllianaJulius ,  EllianaJulius@email.com ,  password ,
Wayne ,  Nathaly ,  WayneNathaly ,  WayneNathaly@email.com ,  password ,
Woodard ,  Fleming ,  WoodardFleming ,  WoodardFleming@email.com ,  password ,
Avery ,  Abbott ,  AveryAbbott ,  AveryAbbott@email.com ,  password ,
Rylee ,  Marisol ,  RyleeMarisol ,  RyleeMarisol@email.com ,  password ,
Parker ,  Vanessa ,  ParkerVanessa ,  ParkerVanessa@email.com ,  password ,
Vicente ,  Farrell ,  VicenteFarrell ,  VicenteFarrell@email.com ,  password ,
Xander ,  Sosa ,  XanderSosa ,  XanderSosa@email.com ,  password ,
Jovanni ,  Oconnor ,  JovanniOconnor ,  JovanniOconnor@email.com ,  password ,
Harvey ,  Kyan ,  HarveyKyan ,  HarveyKyan@email.com ,  password ,
Green ,  Madden ,  GreenMadden ,  GreenMadden@email.com ,  password ,
Ford ,  Dodson ,  FordDodson ,  FordDodson@email.com ,  password ,
Mcpherson ,  Abbott ,  McphersonAbbott ,  McphersonAbbott@email.com ,  password ,
Winters ,  Tran ,  WintersTran ,  WintersTran@email.com ,  password ,
Carney ,  Gentry ,  CarneyGentry ,  CarneyGentry@email.com ,  password ,
Roland ,  Russell ,  RolandRussell ,  RolandRussell@email.com ,  password ,
Holt ,  Wayne ,  HoltWayne ,  HoltWayne@email.com ,  password ,
Lynn ,  Pratt ,  LynnPratt ,  LynnPratt@email.com ,  password ,
Mcknight ,  Alfredo ,  McknightAlfredo ,  McknightAlfredo@email.com ,  password ,
Jake ,  Wayne ,  JakeWayne ,  JakeWayne@email.com ,  password ,
Camacho ,  Nathaly ,  CamachoNathaly ,  CamachoNathaly@email.com ,  password ,
Humphrey ,  Roland ,  HumphreyRoland ,  HumphreyRoland@email.com ,  password ,
Simpson ,  Rollins ,  SimpsonRollins ,  SimpsonRollins@email.com ,  password ,
Hanna ,  Alexander ,  HannaAlexander ,  HannaAlexander@email.com ,  password ,
Angie ,  Hodges ,  AngieHodges ,  AngieHodges@email.com ,  password ,
Kaden ,  Matthews ,  KadenMatthews ,  KadenMatthews@email.com ,  password ,
Marisol ,  Villarreal ,  MarisolVillarreal ,  MarisolVillarreal@email.com ,  password ,
Jaida ,  Horn ,  JaidaHorn ,  JaidaHorn@email.com ,  password ,
Markus ,  Harvey ,  MarkusHarvey ,  MarkusHarvey@email.com ,  password ,
Kirk ,  Rodgers ,  KirkRodgers ,  KirkRodgers@email.com ,  password ,
Aryan ,  Mcpherson ,  AryanMcpherson ,  AryanMcpherson@email.com ,  password ,
Tran ,  Tyree ,  TranTyree ,  TranTyree@email.com ,  password ,
Haleigh ,  Hanna ,  HaleighHanna ,  HaleighHanna@email.com ,  password ,
Leia ,  Jerome ,  LeiaJerome ,  LeiaJerome@email.com ,  password ,
Key ,  Torres ,  KeyTorres ,  KeyTorres@email.com ,  password ,
Quincy ,  Holland ,  QuincyHolland ,  QuincyHolland@email.com ,  password ,
Key ,  Ethan ,  KeyEthan ,  KeyEthan@email.com ,  password ,
Maldonado ,  Vaughan ,  MaldonadoVaughan ,  MaldonadoVaughan@email.com ,  password ,
Precious ,  Smith ,  PreciousSmith ,  PreciousSmith@email.com ,  password ,
Bradford ,  Mcknight ,  BradfordMcknight ,  BradfordMcknight@email.com ,  password ,
Toby ,  Berg ,  TobyBerg ,  TobyBerg@email.com ,  password ,
Boone ,  Anthony ,  BooneAnthony ,  BooneAnthony@email.com ,  password ,
Oconnor ,  Duran ,  OconnorDuran ,  OconnorDuran@email.com ,  password ,
Marisol ,  Bianca ,  MarisolBianca ,  MarisolBianca@email.com ,  password ,
Christine ,  Horn ,  ChristineHorn ,  ChristineHorn@email.com ,  password ,
Vicente ,  James ,  VicenteJames ,  VicenteJames@email.com ,  password ,
Arroyo ,  Selena ,  ArroyoSelena ,  ArroyoSelena@email.com ,  password ,
Murillo ,  Nguyen ,  MurilloNguyen ,  MurilloNguyen@email.com ,  password ,
Travis ,  Webster ,  TravisWebster ,  TravisWebster@email.com ,  password ,
Booth ,  French ,  BoothFrench ,  BoothFrench@email.com ,  password ,
Evelyn ,  Roland ,  EvelynRoland ,  EvelynRoland@email.com ,  password ,
Morgan ,  Gillespie ,  MorganGillespie ,  MorganGillespie@email.com ,  password ,
Eileen ,  Blackburn ,  EileenBlackburn ,  EileenBlackburn@email.com ,  password ,
Xander ,  Josie ,  XanderJosie ,  XanderJosie@email.com ,  password ,
Alexander ,  Munoz ,  AlexanderMunoz ,  AlexanderMunoz@email.com ,  password ,
Bates ,  Marquez ,  BatesMarquez ,  BatesMarquez@email.com ,  password ,
Dyer ,  Nixon ,  DyerNixon ,  DyerNixon@email.com ,  password ,
Benton ,  Nolan ,  BentonNolan ,  BentonNolan@email.com ,  password ,
Kieran ,  Middleton ,  KieranMiddleton ,  KieranMiddleton@email.com ,  password ,
Hodges ,  Underwood ,  HodgesUnderwood ,  HodgesUnderwood@email.com ,  password ,
Mitchell ,  Harmon ,  MitchellHarmon ,  MitchellHarmon@email.com ,  password ,
Smith ,  Alayna ,  SmithAlayna ,  SmithAlayna@email.com ,  password ,
Harmon ,  Benitez ,  HarmonBenitez ,  HarmonBenitez@email.com ,  password ,
Doyle ,  Quincy ,  DoyleQuincy ,  DoyleQuincy@email.com ,  password ,
Heidi ,  Spence ,  HeidiSpence ,  HeidiSpence@email.com ,  password ,
Amiya ,  Kamila ,  AmiyaKamila ,  AmiyaKamila@email.com ,  password ,
Butler ,  Justin ,  ButlerJustin ,  ButlerJustin@email.com ,  password ,
Raegan ,  Osborne ,  RaeganOsborne ,  RaeganOsborne@email.com ,  password ,
Jake ,  Elaine ,  JakeElaine ,  JakeElaine@email.com ,  password ,
Warner ,  Fabian ,  WarnerFabian ,  WarnerFabian@email.com ,  password ,
Carolyn ,  Snow ,  CarolynSnow ,  CarolynSnow@email.com ,  password ,
Dyer ,  Cameron ,  DyerCameron ,  DyerCameron@email.com ,  password ,
Singh ,  Franco ,  SinghFranco ,  SinghFranco@email.com ,  password ,
Haley ,  Meadows ,  HaleyMeadows ,  HaleyMeadows@email.com ,  password ,
Ortiz ,  Matthews ,  OrtizMatthews ,  OrtizMatthews@email.com ,  password ,
Julius ,  Blackburn ,  JuliusBlackburn ,  JuliusBlackburn@email.com ,  password ,
Franco ,  Johnson ,  FrancoJohnson ,  FrancoJohnson@email.com ,  password ,
Bridges ,  Hart ,  BridgesHart ,  BridgesHart@email.com ,  password ,
Matthews ,  Tommy ,  MatthewsTommy ,  MatthewsTommy@email.com ,  password ,
Michael ,  Lynn ,  MichaelLynn ,  MichaelLynn@email.com ,  password ,
Cristopher ,  Marshall ,  CristopherMarshall ,  CristopherMarshall@email.com ,  password ,
Alfredo ,  Kyan ,  AlfredoKyan ,  AlfredoKyan@email.com ,  password ,
Keith ,  Kassidy ,  KeithKassidy ,  KeithKassidy@email.com ,  password ,
Paxton ,  Mcknight ,  PaxtonMcknight ,  PaxtonMcknight@email.com ,  password ,
Shayna ,  Roselyn ,  ShaynaRoselyn ,  ShaynaRoselyn@email.com ,  password ,
Collins ,  Mila ,  CollinsMila ,  CollinsMila@email.com ,  password ,
Obrien ,  Roland ,  ObrienRoland ,  ObrienRoland@email.com ,  password ,
Travis ,  Emerson ,  TravisEmerson ,  TravisEmerson@email.com ,  password ,
Alfredo ,  Raymond ,  AlfredoRaymond ,  AlfredoRaymond@email.com ,  password ,
Santos ,  Lynn ,  SantosLynn ,  SantosLynn@email.com ,  password ,
Parker ,  Lozano ,  ParkerLozano ,  ParkerLozano@email.com ,  password ,
Heidi ,  Kirby ,  HeidiKirby ,  HeidiKirby@email.com ,  password ,
Travis ,  Cash ,  TravisCash ,  TravisCash@email.com ,  password ,
Schultz ,  Tommy ,  SchultzTommy ,  SchultzTommy@email.com ,  password ,
Beard ,  Singh ,  BeardSingh ,  BeardSingh@email.com ,  password ,
Karen ,  Jaron ,  KarenJaron ,  KarenJaron@email.com ,  password ,
Benitez ,  Bray ,  BenitezBray ,  BenitezBray@email.com ,  password ,
Johnson ,  Singh ,  JohnsonSingh ,  JohnsonSingh@email.com ,  password ,
Annabelle ,  Mcknight ,  AnnabelleMcknight ,  AnnabelleMcknight@email.com ,  password ,
Fernandez ,  Stout ,  FernandezStout ,  FernandezStout@email.com ,  password ,
Carrillo ,  Mitchell ,  CarrilloMitchell ,  CarrilloMitchell@email.com ,  password ,
Ada ,  Travis ,  AdaTravis ,  AdaTravis@email.com ,  password ,
Smith ,  Collins ,  SmithCollins ,  SmithCollins@email.com ,  password ,
Evans ,  Pollard ,  EvansPollard ,  EvansPollard@email.com ,  password ,
Jonathan ,  Lamont ,  JonathanLamont ,  JonathanLamont@email.com ,  password ,
Kamila ,  Kylan ,  KamilaKylan ,  KamilaKylan@email.com ,  password ,
Henderson ,  Oconnor ,  HendersonOconnor ,  HendersonOconnor@email.com ,  password ,
Xander ,  Rocha ,  XanderRocha ,  XanderRocha@email.com ,  password ,
Xander ,  Pierce ,  XanderPierce ,  XanderPierce@email.com ,  password ,
Holt ,  Waters ,  HoltWaters ,  HoltWaters@email.com ,  password ,
Kieran ,  Butler ,  KieranButler ,  KieranButler@email.com ,  password ,
Blake ,  Parker ,  BlakeParker ,  BlakeParker@email.com ,  password ,
Kyan ,  Glover ,  KyanGlover ,  KyanGlover@email.com ,  password ,
Winters ,  Alden ,  WintersAlden ,  WintersAlden@email.com ,  password ,
Richards ,  Madden ,  RichardsMadden ,  RichardsMadden@email.com ,  password ,
Holt ,  Meadows ,  HoltMeadows ,  HoltMeadows@email.com ,  password ,
Oconnor ,  Wayne ,  OconnorWayne ,  OconnorWayne@email.com ,  password ,
Anthony ,  Harmon ,  AnthonyHarmon ,  AnthonyHarmon@email.com ,  password ,
Mckinney ,  Elliana ,  MckinneyElliana ,  MckinneyElliana@email.com ,  password ,
Webster ,  Dodson ,  WebsterDodson ,  WebsterDodson@email.com ,  password ,
Bean ,  Elaine ,  BeanElaine ,  BeanElaine@email.com ,  password ,
Jonathan ,  Raquel ,  JonathanRaquel ,  JonathanRaquel@email.com ,  password ,
Hayden ,  Lesly ,  HaydenLesly ,  HaydenLesly@email.com ,  password ,
Miles ,  Carter ,  MilesCarter ,  MilesCarter@email.com ,  password ,
Heath ,  Alayna ,  HeathAlayna ,  HeathAlayna@email.com ,  password ,
Judah ,  Mattie ,  JudahMattie ,  JudahMattie@email.com ,  password ,
Dyer ,  Angie ,  DyerAngie ,  DyerAngie@email.com ,  password ,
Kiersten ,  Duran ,  KierstenDuran ,  KierstenDuran@email.com ,  password ,
Cristopher ,  Raquel ,  CristopherRaquel ,  CristopherRaquel@email.com ,  password ,
Violet ,  Leroy ,  VioletLeroy ,  VioletLeroy@email.com ,  password ,
Irene ,  Karlee ,  IreneKarlee ,  IreneKarlee@email.com ,  password ,
Tyree ,  Rocha ,  TyreeRocha ,  TyreeRocha@email.com ,  password ,
Carter ,  Zoe ,  CarterZoe ,  CarterZoe@email.com ,  password ,
Amiya ,  Hudson ,  AmiyaHudson ,  AmiyaHudson@email.com ,  password ,
Gael ,  Boone ,  GaelBoone ,  GaelBoone@email.com ,  password ,
Roland ,  Jacobs ,  RolandJacobs ,  RolandJacobs@email.com ,  password ,
Heath ,  Butler ,  HeathButler ,  HeathButler@email.com ,  password ,
Xander ,  Gilbert ,  XanderGilbert ,  XanderGilbert@email.com ,  password ,
Stella ,  Nguyen ,  StellaNguyen ,  StellaNguyen@email.com ,  password ,
Yang ,  Abigail ,  YangAbigail ,  YangAbigail@email.com ,  password ,
Roman ,  Pollard ,  RomanPollard ,  RomanPollard@email.com ,  password ,
Russell ,  Mays ,  RussellMays ,  RussellMays@email.com ,  password ,
Ada ,  Cantu ,  AdaCantu ,  AdaCantu@email.com ,  password ,
Pierce ,  Pierce ,  PiercePierce ,  PiercePierce@email.com ,  password ,
Underwood ,  Cael ,  UnderwoodCael ,  UnderwoodCael@email.com ,  password ,
Mcintosh ,  Green ,  McintoshGreen ,  McintoshGreen@email.com ,  password ,
Georgia ,  Paxton ,  GeorgiaPaxton ,  GeorgiaPaxton@email.com ,  password ,
Richards ,  Waters ,  RichardsWaters ,  RichardsWaters@email.com ,  password ,
Tobias ,  Merritt ,  TobiasMerritt ,  TobiasMerritt@email.com ,  password ,
Travis ,  Parker ,  TravisParker ,  TravisParker@email.com ,  password ,
Zoie ,  Hampton ,  ZoieHampton ,  ZoieHampton@email.com ,  password ,
Josie ,  Judah ,  JosieJudah ,  JosieJudah@email.com ,  password ,
Chen ,  Morgan ,  ChenMorgan ,  ChenMorgan@email.com ,  password ,
Kiersten ,  Leonel ,  KierstenLeonel ,  KierstenLeonel@email.com ,  password ,
Ethan ,  Moses ,  EthanMoses ,  EthanMoses@email.com ,  password ,
Travis ,  Berg ,  TravisBerg ,  TravisBerg@email.com ,  password ,
Munoz ,  Haleigh ,  MunozHaleigh ,  MunozHaleigh@email.com ,  password ,
Ty ,  Ruiz ,  TyRuiz ,  TyRuiz@email.com ,  password ,
Caldwell ,  Berg ,  CaldwellBerg ,  CaldwellBerg@email.com ,  password ,
