firstName ,  lastName ,  username ,  email ,  password ,  
Leblanc ,  Leblanc ,  LeblancLeblanc ,  LeblancLeblanc@email.com ,  password ,
Marisol ,  Huerta ,  MarisolHuerta ,  MarisolHuerta@email.com ,  password ,
Downs ,  Eileen ,  DownsEileen ,  DownsEileen@email.com ,  password ,
Osborne ,  Lynn ,  OsborneLynn ,  OsborneLynn@email.com ,  password ,
Doyle ,  Jaida ,  DoyleJaida ,  DoyleJaida@email.com ,  password ,
Semaj ,  Smith ,  SemajSmith ,  SemajSmith@email.com ,  password ,
Ian ,  Kane ,  IanKane ,  IanKane@email.com ,  password ,
Liam ,  Karlee ,  LiamKarlee ,  LiamKarlee@email.com ,  password ,
Cristopher ,  Angel ,  CristopherAngel ,  CristopherAngel@email.com ,  password ,
Carolyn ,  Cristopher ,  CarolynCristopher ,  CarolynCristopher@email.com ,  password ,
Potter ,  Carmen ,  PotterCarmen ,  PotterCarmen@email.com ,  password ,
Mays ,  Kassandra ,  MaysKassandra ,  MaysKassandra@email.com ,  password ,
Adkins ,  Semaj ,  AdkinsSemaj ,  AdkinsSemaj@email.com ,  password ,
Haley ,  Merritt ,  HaleyMerritt ,  HaleyMerritt@email.com ,  password ,
Norman ,  Alejandra ,  NormanAlejandra ,  NormanAlejandra@email.com ,  password ,
Eileen ,  Schultz ,  EileenSchultz ,  EileenSchultz@email.com ,  password ,
Maximo ,  Marisol ,  MaximoMarisol ,  MaximoMarisol@email.com ,  password ,
Farrell ,  Kaden ,  FarrellKaden ,  FarrellKaden@email.com ,  password ,
Ty ,  Alayna ,  TyAlayna ,  TyAlayna@email.com ,  password ,
Carr ,  Bianca ,  CarrBianca ,  CarrBianca@email.com ,  password ,
Bowman ,  Fleming ,  BowmanFleming ,  BowmanFleming@email.com ,  password ,
Bates ,  Josie ,  BatesJosie ,  BatesJosie@email.com ,  password ,
Carmen ,  Glover ,  CarmenGlover ,  CarmenGlover@email.com ,  password ,
Kendall ,  Kaden ,  KendallKaden ,  KendallKaden@email.com ,  password ,
Hanna ,  Ferrell ,  HannaFerrell ,  HannaFerrell@email.com ,  password ,
Pierce ,  Garza ,  PierceGarza ,  PierceGarza@email.com ,  password ,
Iris ,  Julius ,  IrisJulius ,  IrisJulius@email.com ,  password ,
Goodman ,  Benitez ,  GoodmanBenitez ,  GoodmanBenitez@email.com ,  password ,
King ,  Bianca ,  KingBianca ,  KingBianca@email.com ,  password ,
Jaydin ,  Keller ,  JaydinKeller ,  JaydinKeller@email.com ,  password ,
Underwood ,  Kassandra ,  UnderwoodKassandra ,  UnderwoodKassandra@email.com ,  password ,
Olive ,  Yoder ,  OliveYoder ,  OliveYoder@email.com ,  password ,
Middleton ,  Raegan ,  MiddletonRaegan ,  MiddletonRaegan@email.com ,  password ,
Mcintosh ,  Meadows ,  McintoshMeadows ,  McintoshMeadows@email.com ,  password ,
Mattie ,  Gael ,  MattieGael ,  MattieGael@email.com ,  password ,
Harvey ,  Annabelle ,  HarveyAnnabelle ,  HarveyAnnabelle@email.com ,  password ,
Gillespie ,  Raquel ,  GillespieRaquel ,  GillespieRaquel@email.com ,  password ,
Keely ,  Benitez ,  KeelyBenitez ,  KeelyBenitez@email.com ,  password ,
Gilbert ,  Humphrey ,  GilbertHumphrey ,  GilbertHumphrey@email.com ,  password ,
Nolan ,  Castro ,  NolanCastro ,  NolanCastro@email.com ,  password ,
Kaden ,  Rolando ,  KadenRolando ,  KadenRolando@email.com ,  password ,
Francis ,  Snyder ,  FrancisSnyder ,  FrancisSnyder@email.com ,  password ,
Ross ,  Elliana ,  RossElliana ,  RossElliana@email.com ,  password ,
Bianca ,  George ,  BiancaGeorge ,  BiancaGeorge@email.com ,  password ,
Patterson ,  Cora ,  PattersonCora ,  PattersonCora@email.com ,  password ,
Julius ,  Bowman ,  JuliusBowman ,  JuliusBowman@email.com ,  password ,
Evelyn ,  Oconnor ,  EvelynOconnor ,  EvelynOconnor@email.com ,  password ,
Snow ,  Barker ,  SnowBarker ,  SnowBarker@email.com ,  password ,
Kiersten ,  Winters ,  KierstenWinters ,  KierstenWinters@email.com ,  password ,
Dalton ,  Booth ,  DaltonBooth ,  DaltonBooth@email.com ,  password ,
Oconnor ,  Brock ,  OconnorBrock ,  OconnorBrock@email.com ,  password ,
Laylah ,  Iris ,  LaylahIris ,  LaylahIris@email.com ,  password ,
Walker ,  Vaughan ,  WalkerVaughan ,  WalkerVaughan@email.com ,  password ,
Vega ,  Marquez ,  VegaMarquez ,  VegaMarquez@email.com ,  password ,
Cash ,  Jadiel ,  CashJadiel ,  CashJadiel@email.com ,  password ,
Darnell ,  Mendez ,  DarnellMendez ,  DarnellMendez@email.com ,  password ,
Roselyn ,  Kali ,  RoselynKali ,  RoselynKali@email.com ,  password ,
Caldwell ,  Leblanc ,  CaldwellLeblanc ,  CaldwellLeblanc@email.com ,  password ,
Gael ,  George ,  GaelGeorge ,  GaelGeorge@email.com ,  password ,
Alejandra ,  Mattie ,  AlejandraMattie ,  AlejandraMattie@email.com ,  password ,
Bradford ,  Marisol ,  BradfordMarisol ,  BradfordMarisol@email.com ,  password ,
Amari ,  Arturo ,  AmariArturo ,  AmariArturo@email.com ,  password ,
Bradford ,  Bradford ,  BradfordBradford ,  BradfordBradford@email.com ,  password ,
Medina ,  Emily ,  MedinaEmily ,  MedinaEmily@email.com ,  password ,
Tabitha ,  Alexa ,  TabithaAlexa ,  TabithaAlexa@email.com ,  password ,
Briggs ,  Marley ,  BriggsMarley ,  BriggsMarley@email.com ,  password ,
Cervantes ,  Ashley ,  CervantesAshley ,  CervantesAshley@email.com ,  password ,
Kyan ,  Blackburn ,  KyanBlackburn ,  KyanBlackburn@email.com ,  password ,
Alyson ,  Francis ,  AlysonFrancis ,  AlysonFrancis@email.com ,  password ,
Clark ,  Carter ,  ClarkCarter ,  ClarkCarter@email.com ,  password ,
Mcpherson ,  Olive ,  McphersonOlive ,  McphersonOlive@email.com ,  password ,
Keith ,  Schultz ,  KeithSchultz ,  KeithSchultz@email.com ,  password ,
Lila ,  Mcintosh ,  LilaMcintosh ,  LilaMcintosh@email.com ,  password ,
Prince ,  Blake ,  PrinceBlake ,  PrinceBlake@email.com ,  password ,
Caldwell ,  Dylan ,  CaldwellDylan ,  CaldwellDylan@email.com ,  password ,
Addison ,  Travis ,  AddisonTravis ,  AddisonTravis@email.com ,  password ,
Moses ,  Harvey ,  MosesHarvey ,  MosesHarvey@email.com ,  password ,
Keith ,  Leroy ,  KeithLeroy ,  KeithLeroy@email.com ,  password ,
Kieran ,  Blake ,  KieranBlake ,  KieranBlake@email.com ,  password ,
Hoffman ,  Ernest ,  HoffmanErnest ,  HoffmanErnest@email.com ,  password ,
Delgado ,  Oconnor ,  DelgadoOconnor ,  DelgadoOconnor@email.com ,  password ,
Blake ,  Elliana ,  BlakeElliana ,  BlakeElliana@email.com ,  password ,
Shayna ,  Ian ,  ShaynaIan ,  ShaynaIan@email.com ,  password ,
Prince ,  Sam ,  PrinceSam ,  PrinceSam@email.com ,  password ,
Leblanc ,  Walker ,  LeblancWalker ,  LeblancWalker@email.com ,  password ,
Elliana ,  Simpson ,  EllianaSimpson ,  EllianaSimpson@email.com ,  password ,
Miles ,  Madilynn ,  MilesMadilynn ,  MilesMadilynn@email.com ,  password ,
Singh ,  Semaj ,  SinghSemaj ,  SinghSemaj@email.com ,  password ,
Weeks ,  Mattie ,  WeeksMattie ,  WeeksMattie@email.com ,  password ,
Selena ,  Anthony ,  SelenaAnthony ,  SelenaAnthony@email.com ,  password ,
George ,  Alden ,  GeorgeAlden ,  GeorgeAlden@email.com ,  password ,
Mays ,  Cora ,  MaysCora ,  MaysCora@email.com ,  password ,
Alayna ,  Amari ,  AlaynaAmari ,  AlaynaAmari@email.com ,  password ,
Mitchell ,  Tran ,  MitchellTran ,  MitchellTran@email.com ,  password ,
Brendon ,  Blake ,  BrendonBlake ,  BrendonBlake@email.com ,  password ,
Acevedo ,  Sawyer ,  AcevedoSawyer ,  AcevedoSawyer@email.com ,  password ,
Shirley ,  Paxton ,  ShirleyPaxton ,  ShirleyPaxton@email.com ,  password ,
Bush ,  Clark ,  BushClark ,  BushClark@email.com ,  password ,
Patel ,  Annabelle ,  PatelAnnabelle ,  PatelAnnabelle@email.com ,  password ,
Mila ,  Iris ,  MilaIris ,  MilaIris@email.com ,  password ,
Jaylan ,  August ,  JaylanAugust ,  JaylanAugust@email.com ,  password ,
Gillespie ,  Samuel ,  GillespieSamuel ,  GillespieSamuel@email.com ,  password ,
Duarte ,  Cameron ,  DuarteCameron ,  DuarteCameron@email.com ,  password ,
Young ,  Murillo ,  YoungMurillo ,  YoungMurillo@email.com ,  password ,
Garner ,  Russell ,  GarnerRussell ,  GarnerRussell@email.com ,  password ,
Alfredo ,  Raegan ,  AlfredoRaegan ,  AlfredoRaegan@email.com ,  password ,
Agustin ,  Mitchell ,  AgustinMitchell ,  AgustinMitchell@email.com ,  password ,
Haley ,  Carr ,  HaleyCarr ,  HaleyCarr@email.com ,  password ,
Camacho ,  Hoffman ,  CamachoHoffman ,  CamachoHoffman@email.com ,  password ,
Hodges ,  Ashley ,  HodgesAshley ,  HodgesAshley@email.com ,  password ,
Marley ,  Sienna ,  MarleySienna ,  MarleySienna@email.com ,  password ,
Carter ,  Harrell ,  CarterHarrell ,  CarterHarrell@email.com ,  password ,
Zamora ,  Violet ,  ZamoraViolet ,  ZamoraViolet@email.com ,  password ,
Vanessa ,  Mckinney ,  VanessaMckinney ,  VanessaMckinney@email.com ,  password ,
Moses ,  Evans ,  MosesEvans ,  MosesEvans@email.com ,  password ,
Rolando ,  Haley ,  RolandoHaley ,  RolandoHaley@email.com ,  password ,
Bauer ,  Carolyn ,  BauerCarolyn ,  BauerCarolyn@email.com ,  password ,
Farrell ,  Heidi ,  FarrellHeidi ,  FarrellHeidi@email.com ,  password ,
Snyder ,  Fernandez ,  SnyderFernandez ,  SnyderFernandez@email.com ,  password ,
Weeks ,  Addison ,  WeeksAddison ,  WeeksAddison@email.com ,  password ,
Ferrell ,  Davion ,  FerrellDavion ,  FerrellDavion@email.com ,  password ,
Josie ,  Nathaly ,  JosieNathaly ,  JosieNathaly@email.com ,  password ,
Kassidy ,  Stella ,  KassidyStella ,  KassidyStella@email.com ,  password ,
Bowman ,  Snow ,  BowmanSnow ,  BowmanSnow@email.com ,  password ,
Gilbert ,  Ian ,  GilbertIan ,  GilbertIan@email.com ,  password ,
Mauricio ,  Oconnor ,  MauricioOconnor ,  MauricioOconnor@email.com ,  password ,
Torres ,  Laylah ,  TorresLaylah ,  TorresLaylah@email.com ,  password ,
Quincy ,  Bray ,  QuincyBray ,  QuincyBray@email.com ,  password ,
Villarreal ,  Duran ,  VillarrealDuran ,  VillarrealDuran@email.com ,  password ,
Mendez ,  Oconnor ,  MendezOconnor ,  MendezOconnor@email.com ,  password ,
French ,  Ellen ,  FrenchEllen ,  FrenchEllen@email.com ,  password ,
Vanessa ,  Russell ,  VanessaRussell ,  VanessaRussell@email.com ,  password ,
Chasity ,  Berg ,  ChasityBerg ,  ChasityBerg@email.com ,  password ,
Fleming ,  Faith ,  FlemingFaith ,  FlemingFaith@email.com ,  password ,
Jamiya ,  Herrera ,  JamiyaHerrera ,  JamiyaHerrera@email.com ,  password ,
James ,  Hailey ,  JamesHailey ,  JamesHailey@email.com ,  password ,
Terrell ,  Blake ,  TerrellBlake ,  TerrellBlake@email.com ,  password ,
Underwood ,  Arroyo ,  UnderwoodArroyo ,  UnderwoodArroyo@email.com ,  password ,
Stout ,  Hugo ,  StoutHugo ,  StoutHugo@email.com ,  password ,
Kade ,  Carr ,  KadeCarr ,  KadeCarr@email.com ,  password ,
Mauricio ,  Humphrey ,  MauricioHumphrey ,  MauricioHumphrey@email.com ,  password ,
Hanna ,  Harmon ,  HannaHarmon ,  HannaHarmon@email.com ,  password ,
Judah ,  Mckinney ,  JudahMckinney ,  JudahMckinney@email.com ,  password ,
Maryjane ,  Mauricio ,  MaryjaneMauricio ,  MaryjaneMauricio@email.com ,  password ,
Zoie ,  Regina ,  ZoieRegina ,  ZoieRegina@email.com ,  password ,
Harmon ,  Julius ,  HarmonJulius ,  HarmonJulius@email.com ,  password ,
Michael ,  Anthony ,  MichaelAnthony ,  MichaelAnthony@email.com ,  password ,
Olsen ,  Maximo ,  OlsenMaximo ,  OlsenMaximo@email.com ,  password ,
Leroy ,  Kylan ,  LeroyKylan ,  LeroyKylan@email.com ,  password ,
Jake ,  Trinity ,  JakeTrinity ,  JakeTrinity@email.com ,  password ,
Elaine ,  Iris ,  ElaineIris ,  ElaineIris@email.com ,  password ,
Roland ,  Raymond ,  RolandRaymond ,  RolandRaymond@email.com ,  password ,
Karlee ,  Yoder ,  KarleeYoder ,  KarleeYoder@email.com ,  password ,
Kassandra ,  Dalton ,  KassandraDalton ,  KassandraDalton@email.com ,  password ,
Keely ,  Heath ,  KeelyHeath ,  KeelyHeath@email.com ,  password ,
Wagner ,  Violet ,  WagnerViolet ,  WagnerViolet@email.com ,  password ,
Obrien ,  Cash ,  ObrienCash ,  ObrienCash@email.com ,  password ,
Bray ,  Jaydin ,  BrayJaydin ,  BrayJaydin@email.com ,  password ,
Duran ,  George ,  DuranGeorge ,  DuranGeorge@email.com ,  password ,
Adkins ,  Allan ,  AdkinsAllan ,  AdkinsAllan@email.com ,  password ,
Santos ,  Miles ,  SantosMiles ,  SantosMiles@email.com ,  password ,
Kelsey ,  Pierce ,  KelseyPierce ,  KelseyPierce@email.com ,  password ,
Doyle ,  Precious ,  DoylePrecious ,  DoylePrecious@email.com ,  password ,
Rylee ,  Rodgers ,  RyleeRodgers ,  RyleeRodgers@email.com ,  password ,
Kirk ,  Darnell ,  KirkDarnell ,  KirkDarnell@email.com ,  password ,
Snow ,  Thompson ,  SnowThompson ,  SnowThompson@email.com ,  password ,
Abigail ,  Elaine ,  AbigailElaine ,  AbigailElaine@email.com ,  password ,
Munoz ,  Camacho ,  MunozCamacho ,  MunozCamacho@email.com ,  password ,
Rolando ,  Wagner ,  RolandoWagner ,  RolandoWagner@email.com ,  password ,
Blake ,  Madilynn ,  BlakeMadilynn ,  BlakeMadilynn@email.com ,  password ,
Horn ,  Mills ,  HornMills ,  HornMills@email.com ,  password ,
Kassandra ,  Serrano ,  KassandraSerrano ,  KassandraSerrano@email.com ,  password ,
Marley ,  Yang ,  MarleyYang ,  MarleyYang@email.com ,  password ,
Cline ,  Dylan ,  ClineDylan ,  ClineDylan@email.com ,  password ,
Bowman ,  Waters ,  BowmanWaters ,  BowmanWaters@email.com ,  password ,
Castro ,  Chen ,  CastroChen ,  CastroChen@email.com ,  password ,
Jaron ,  Huerta ,  JaronHuerta ,  JaronHuerta@email.com ,  password ,
Osborne ,  Camacho ,  OsborneCamacho ,  OsborneCamacho@email.com ,  password ,
Jacobs ,  Castro ,  JacobsCastro ,  JacobsCastro@email.com ,  password ,
Giles ,  Kaila ,  GilesKaila ,  GilesKaila@email.com ,  password ,
Yasmine ,  Bruce ,  YasmineBruce ,  YasmineBruce@email.com ,  password ,
Yasmine ,  Emily ,  YasmineEmily ,  YasmineEmily@email.com ,  password ,
King ,  Cael ,  KingCael ,  KingCael@email.com ,  password ,
Sienna ,  Mattie ,  SiennaMattie ,  SiennaMattie@email.com ,  password ,
Snyder ,  Alfredo ,  SnyderAlfredo ,  SnyderAlfredo@email.com ,  password ,
Jovanni ,  Kylan ,  JovanniKylan ,  JovanniKylan@email.com ,  password ,
Liam ,  Garza ,  LiamGarza ,  LiamGarza@email.com ,  password ,
Warner ,  Britney ,  WarnerBritney ,  WarnerBritney@email.com ,  password ,
Angie ,  Nixon ,  AngieNixon ,  AngieNixon@email.com ,  password ,
Cline ,  Kieran ,  ClineKieran ,  ClineKieran@email.com ,  password ,
Yasmine ,  Benitez ,  YasmineBenitez ,  YasmineBenitez@email.com ,  password ,
Terrell ,  Nolan ,  TerrellNolan ,  TerrellNolan@email.com ,  password ,
Karen ,  Marisol ,  KarenMarisol ,  KarenMarisol@email.com ,  password ,
Jaron ,  Hanna ,  JaronHanna ,  JaronHanna@email.com ,  password ,
Stanley ,  Duarte ,  StanleyDuarte ,  StanleyDuarte@email.com ,  password ,
Sam ,  Angie ,  SamAngie ,  SamAngie@email.com ,  password ,
Jamiya ,  Giles ,  JamiyaGiles ,  JamiyaGiles@email.com ,  password ,
Booth ,  Kamila ,  BoothKamila ,  BoothKamila@email.com ,  password ,
Henderson ,  Semaj ,  HendersonSemaj ,  HendersonSemaj@email.com ,  password ,
Alanna ,  Nguyen ,  AlannaNguyen ,  AlannaNguyen@email.com ,  password ,
